543462,1715,1464116,pv,1511658000
662867,2244074,1575622,pv,1511658000
561558,3611281,965809,pv,1511658000
894923,3076029,1879194,pv,1511658000
834377,4541270,3738615,pv,1511658000
315321,942195,4339722,pv,1511658000
625915,1162383,570735,pv,1511658000
578814,176722,982926,pv,1511658000
873335,1256540,1451783,pv,1511658000
429984,4625350,2355072,pv,1511658000
866796,534083,4203730,pv,1511658000
937166,321683,2355072,pv,1511658000
156905,2901727,3001296,pv,1511658000
758810,5109495,1575622,pv,1511658000
107304,111477,4173315,pv,1511658000
452437,3255022,5099474,pv,1511658000
813974,1332724,2520771,buy,1511658000
524395,3887779,2366905,pv,1511658000
470572,3760258,1299190,pv,1511658001
543789,3110556,4558987,cart,1511658001
354759,2191348,4756105,pv,1511658001
382009,2123538,4801426,pv,1511658001
677046,1598945,4145813,pv,1511658001
946161,3021357,1506018,pv,1511658001
464646,2512167,2733371,pv,1511658001
1007641,5046581,2355072,pv,1511658001
723938,4719377,1464116,pv,1511658001
513008,3472922,401357,pv,1511658001
769215,22738,2355072,pv,1511658002
652863,4967749,1320293,pv,1511658002
801610,900305,634390,pv,1511658002
411478,3259235,2667323,pv,1511658002
431664,764155,2520377,pv,1511658002
487768,4125503,2465336,pv,1511658002
223813,4104826,2042400,pv,1511658002
672849,1822977,4801426,fav,1511658002
550127,4602135,65362,pv,1511658002
205752,1467139,171529,pv,1511658002
64419,2029769,2729260,pv,1511658002
756093,2881426,2520377,pv,1511658002
48353,4362292,583014,pv,1511658002
355509,4712764,4082778,pv,1511658003
826492,4016552,2735466,pv,1511658003
624915,2243311,2520377,pv,1511658003
682317,655740,982926,fav,1511658003
677621,1051389,4801426,pv,1511658003
422974,4649255,4818107,pv,1511658003
86512,563566,4756105,pv,1511658003
565218,2331370,3607361,pv,1511658003
232313,4182588,1730376,pv,1511658003
436966,1329977,3607361,cart,1511658003
561158,269170,2342116,fav,1511658003
344379,3318242,2920476,cart,1511658003
858204,2450718,235534,pv,1511658004
833924,3190176,1051370,pv,1511658004
992993,1900968,3794706,fav,1511658004
911930,1150136,2131531,pv,1511658004
736959,319911,4756105,pv,1511658004
82170,3588374,2465336,pv,1511658004
587599,2067643,4818107,cart,1511658004
367451,15775,4756105,pv,1511658004
428316,2478780,4284875,pv,1511658004
284910,3680091,3829657,pv,1511658004
345119,737662,4357323,pv,1511658004
551442,1762997,1879194,pv,1511658004
550384,3908776,1029459,pv,1511658004
677500,4534693,2640118,pv,1511658004
398626,2791489,1467750,pv,1511658004
118053,3545571,2433095,pv,1511658005
457401,4063698,4801426,pv,1511658005
45105,3234847,3141941,fav,1511658005
604760,2661651,3738615,pv,1511658005
905383,2064903,2939262,cart,1511658005
740788,3657484,4936889,pv,1511658005
456838,1242724,4756105,fav,1511658005
585217,215764,2640118,pv,1511658006
658185,4025021,4048584,fav,1511658006
210431,2035568,2328673,pv,1511658006
602619,1838725,2247787,pv,1511658006
860388,3797303,4357323,pv,1511658006
175334,2624960,801221,pv,1511658006
72403,4249007,1320293,pv,1511658006
307385,2551880,4050612,pv,1511658006
819283,2094785,2520377,pv,1511658006
801272,565658,1158475,pv,1511658006
344680,3224461,4789432,pv,1511658006
125206,1102775,622168,pv,1511658006
59131,1960832,154040,pv,1511658006
252339,2455388,3745824,pv,1511658006
794780,4465604,4242717,pv,1511658007
388283,4701157,1457367,pv,1511658007
416261,2101120,1299190,pv,1511658007
231758,3622677,4758477,pv,1511658007
92253,642337,4135185,pv,1511658007
297958,1762578,4801426,pv,1511658007
786771,1940649,1320293,pv,1511658007
789048,3144191,2355072,pv,1511658007
895384,1138468,1602288,pv,1511658007
578800,1324176,4135836,pv,1511658007
886777,4606952,996587,pv,1511658008
364036,2340632,2924150,pv,1511658008
783973,3935641,982926,pv,1511658008
483113,1158047,2030976,pv,1511658008
321087,3987903,149192,fav,1511658008
986762,2704613,4217906,pv,1511658008
1003495,3717164,535180,pv,1511658008
32983,1445878,2030976,pv,1511658008
580912,1837669,4263418,pv,1511658008
498371,980167,3607361,cart,1511658008
14830,3878488,3002561,pv,1511658008
457499,4796667,2355072,pv,1511658008
879381,881945,3004853,pv,1511658008
606403,1404468,781315,pv,1511658008
543832,3007018,2735466,pv,1511658009
824188,161847,4801426,pv,1511658009
750784,4727562,1286537,cart,1511658009
87479,5157294,2158079,pv,1511658009
147730,1278040,4801426,pv,1511658009
865088,3924907,411153,pv,1511658009
1006129,1993506,2939262,pv,1511658009
401750,3127850,2640118,pv,1511658009
501335,2005713,1092085,pv,1511658009
266486,1777124,4672807,cart,1511658009
23125,4680673,1756314,buy,1511658009
309473,3665543,2640118,pv,1511658009
547966,693058,2129666,pv,1511658009
599118,2771420,4159072,pv,1511658010
684544,2335709,1451814,pv,1511658010
130320,2469137,4756105,pv,1511658010
464365,1474058,3794706,pv,1511658010
522088,4170363,149192,pv,1511658010
402626,3244134,4801426,pv,1511658010
19445,2183531,4756105,pv,1511658010
44670,5140156,2131531,fav,1511658010
522815,2092266,2355072,pv,1511658010
105757,4175185,3191556,cart,1511658010
585344,1858802,267209,pv,1511658010
412009,3422566,2355072,pv,1511658010
872433,1984468,2520377,pv,1511658010
463780,3377720,745134,pv,1511658010
359932,5035793,3002561,pv,1511658011
742048,3851196,4051859,pv,1511658011
778656,559998,4874384,pv,1511658011
326402,2103118,846990,pv,1511658011
453328,2158281,2920476,pv,1511658011
362515,1892018,883960,pv,1511658011
763534,2402567,3496816,pv,1511658011
935169,55330,4339722,pv,1511658011
361299,1505783,982926,pv,1511658011
628949,4210587,903809,cart,1511658011
989894,3419383,1474371,fav,1511658012
200517,4670782,4181361,cart,1511658012
664416,2941436,1789614,pv,1511658012
348706,2605837,4163659,pv,1511658012
959846,5083345,479837,pv,1511658012
848070,988062,2342116,pv,1511658012
897594,4298799,4173315,pv,1511658012
951961,1221785,4756105,pv,1511658012
549488,2423996,4022701,pv,1511658012
524655,1925334,2033408,pv,1511658013
738256,496639,3247211,pv,1511658013
778173,1032031,784897,cart,1511658013
990673,1476503,3102419,pv,1511658013
700498,1993845,4173315,pv,1511658013
905860,2369381,1158475,pv,1511658013
893832,1153119,982926,pv,1511658013
602895,3538101,4756105,pv,1511658013
542932,1360737,903809,pv,1511658013
283950,3179868,3171095,pv,1511658013
789348,3841875,737184,pv,1511658013
756750,3534407,4129924,fav,1511658013
196825,4765909,2885642,pv,1511658013
20676,2875398,2885642,pv,1511658013
228104,2062543,2355072,pv,1511658013
773198,4200289,982926,pv,1511658014
677896,2165635,1029459,pv,1511658014
158600,3312738,1697889,fav,1511658014
287521,972793,1194737,pv,1511658014
549674,625283,3767409,pv,1511658014
631139,4364531,384755,pv,1511658014
375063,4069076,3607361,pv,1511658014
306072,1966569,285583,pv,1511658014
643526,282851,1575622,pv,1511658014
764411,4580986,982926,pv,1511658014
976200,3266415,2355072,pv,1511658014
918987,298223,1859277,pv,1511658014
18430,1882195,1080785,pv,1511658014
629115,3093045,1320293,pv,1511658014
332520,5026647,2355072,pv,1511658014
476980,2311313,4801426,pv,1511658014
157636,4858109,672001,pv,1511658015
798555,1295731,2800021,pv,1511658015
494300,4333209,3002561,cart,1511658015
122406,2059276,4801426,pv,1511658015
437344,4061918,4558987,pv,1511658015
220037,2939369,3720767,buy,1511658015
537712,2563909,3100759,pv,1511658015
520145,4465657,1320293,pv,1511658015
38574,1201477,3125533,pv,1511658015
1014253,2963034,1464116,pv,1511658015
915638,4800478,2629787,pv,1511658015
768844,2116634,4757812,pv,1511658015
74745,2231297,323851,fav,1511658015
326607,3693156,2066955,pv,1511658015
651189,4000666,886203,pv,1511658015
778396,3607696,5012555,pv,1511658016
493284,127403,359388,pv,1511658016
254349,4445002,2355072,pv,1511658016
415381,3520931,2419959,pv,1511658016
516789,18479,4145813,pv,1511658016
644777,987403,982926,pv,1511658016
317457,1546479,3776866,pv,1511658016
156905,4377552,1168596,pv,1511658016
740608,2405231,4173315,pv,1511658016
341260,5034946,4756105,pv,1511658016
806318,3525976,3299155,pv,1511658016
674989,4568242,4284875,fav,1511658016
889043,5015057,1281171,pv,1511658017
912390,2303733,2735466,pv,1511658017
393656,3569818,3738615,pv,1511658017
225763,480292,500212,pv,1511658017
334506,3722390,411153,pv,1511658017
273314,4973721,4611962,pv,1511658017
663193,2108019,2003083,pv,1511658017
1000034,800784,982926,pv,1511658018
391116,1962121,4145813,pv,1511658018
40793,4153899,1320293,pv,1511658018
280358,2654723,2520377,pv,1511658018
344240,3712088,2390349,pv,1511658018
691026,4022625,1126526,pv,1511658018
688090,1502018,1879194,pv,1511658018
947196,2259297,1406426,pv,1511658018
518479,576777,411153,pv,1511658018
789309,5136896,2981856,pv,1511658018
248568,3349768,1045172,buy,1511658018
392176,3742963,2066955,pv,1511658018
460076,79067,4145813,fav,1511658018
415381,98283,1104384,pv,1511658018
104698,2500376,4159072,pv,1511658018
854096,4858377,4145813,pv,1511658018
587129,4427761,3776866,cart,1511658019
58778,630815,2355072,pv,1511658019
250968,2335179,2355072,pv,1511658019
380976,3933325,982926,pv,1511658019
904253,1055751,471212,pv,1511658019
907231,3686874,2812445,buy,1511658019
377042,3549064,2355072,pv,1511658019
356507,3220081,578983,pv,1511658019
753856,2167638,4048584,fav,1511658019
929073,1324319,1879194,pv,1511658019
43863,918139,982926,pv,1511658019
41109,4133170,3835723,buy,1511658020
108015,4751201,411153,pv,1511658020
285636,4130380,2355072,pv,1511658020
395049,4346219,570735,cart,1511658020
949647,4427447,4756105,pv,1511658020
306072,1296281,3720767,pv,1511658020
69580,3928745,2671397,pv,1511658020
735110,40025,2974419,cart,1511658020
365717,1391888,2030976,pv,1511658020
587754,4762986,3002561,pv,1511658020
183966,1424015,4672807,pv,1511658020
874905,876411,2465336,pv,1511658020
789333,3383623,344833,pv,1511658020
323387,1699578,982926,pv,1511658021
530376,205888,5071267,pv,1511658021
770137,1031049,154040,pv,1511658021
732889,283410,3607361,pv,1511658021
170558,3144143,2465336,pv,1511658021
1004611,201201,3419760,cart,1511658021
121442,5073040,2355072,pv,1511658021
511424,1078256,440901,pv,1511658021
810879,4042749,3607361,pv,1511658021
889013,1023293,634390,pv,1511658021
641439,183845,4357323,pv,1511658021
607188,3590098,2885642,pv,1511658021
789271,5057422,245312,buy,1511658021
350999,3956368,2945933,pv,1511658021
974720,4838031,2072473,cart,1511658021
460076,2147027,1320293,fav,1511658022
956539,3937435,4801426,pv,1511658022
682283,102982,1080785,pv,1511658022
133319,2817626,4801426,pv,1511658022
82010,2788503,1216617,pv,1511658022
417933,4159217,4756105,pv,1511658022
719252,2161152,4145813,pv,1511658022
386729,4115033,3343095,pv,1511658022
460076,3268126,737184,fav,1511658022
764871,564499,2640118,pv,1511658022
599118,2335010,4159072,pv,1511658022
463780,341543,820364,pv,1511658022
377108,493618,3975787,cart,1511658022
266094,3871120,2465336,pv,1511658022
392064,4974340,4558987,pv,1511658022
858761,5042307,4357323,pv,1511658023
266992,3559268,4869428,pv,1511658023
208833,3716643,383530,pv,1511658023
244463,5059853,4145813,pv,1511658023
874809,1024295,4466876,pv,1511658023
87520,1318574,4606718,pv,1511658023
483594,1088111,2827444,pv,1511658023
29206,4448187,4756105,pv,1511658023
186556,4070367,74446,pv,1511658023
190940,833331,4604594,pv,1511658023
201971,962676,2355072,pv,1511658023
180695,1716295,2565857,pv,1511658023
670681,4511840,846990,pv,1511658024
843075,3665269,1080785,fav,1511658024
409463,4443612,1722855,pv,1511658024
145550,3900777,4993094,pv,1511658024
608599,1097682,4082778,cart,1511658024
997866,3002287,4082778,pv,1511658024
436457,1884224,4915680,pv,1511658024
517112,4526678,2520377,pv,1511658024
659269,1605934,982926,pv,1511658025
195725,5000029,4450414,pv,1511658025
563203,1849653,4298656,pv,1511658025
669210,4843772,570735,pv,1511658025
445656,2581505,3381583,pv,1511658025
16103,3494764,2640118,pv,1511658025
175769,776327,2465336,pv,1511658025
960997,2649870,4756105,pv,1511658025
995188,3017896,2355072,pv,1511658025
475656,361127,3673049,pv,1511658025
940124,176753,4411949,pv,1511658025
538101,1732433,1787510,pv,1511658025
416871,4981228,2858794,pv,1511658025
256758,3889295,3800818,pv,1511658026
511279,4601104,4868797,pv,1511658026
880462,2780737,1859277,cart,1511658026
163323,258231,1029459,pv,1511658026
425634,4018832,4159072,pv,1511658026
932384,2428269,982926,pv,1511658026
565980,2988776,3075521,pv,1511658026
551219,281111,350027,pv,1511658026
65944,4309207,3159480,pv,1511658026
118861,512107,4145813,pv,1511658026
15696,1015021,3454970,pv,1511658027
425200,2455388,3745824,pv,1511658027
55330,465280,2355072,pv,1511658027
664146,1030747,3194735,fav,1511658027
587248,1384198,634390,pv,1511658027
472221,2895550,982926,pv,1511658027
173290,416572,360294,pv,1511658027
735750,2456660,1080785,pv,1511658027
420860,1949459,1288487,pv,1511658027
248955,229653,2195789,pv,1511658027
745774,4756886,800581,pv,1511658027
179889,2041935,2520377,pv,1511658027
287035,3836534,625430,pv,1511658028
196980,3445269,3108882,pv,1511658028
550480,974291,869231,pv,1511658028
585870,291358,4174942,pv,1511658028
165889,4364728,2615163,pv,1511658028
193922,4800535,3607361,pv,1511658028
660013,1364114,4801426,pv,1511658028
813479,158169,2355072,pv,1511658028
261948,4698781,2520377,pv,1511658028
120608,131099,876318,pv,1511658029
268407,584693,3158249,pv,1511658029
411536,2563526,4663501,pv,1511658029
502196,936753,4145813,pv,1511658029
652954,1362503,4284875,pv,1511658029
70758,3011543,2926020,pv,1511658029
684074,2288156,377676,pv,1511658029
515661,680174,2355072,pv,1511658029
322508,2466347,2465336,pv,1511658030
643826,4545733,873792,pv,1511658030
447146,1436416,4331400,pv,1511658030
646259,418486,119741,pv,1511658030
288397,1926504,149192,pv,1511658030
337203,1253410,405755,pv,1511658030
219642,2704585,4148053,pv,1511658030
992351,1452966,2303546,pv,1511658030
860477,4319079,149192,pv,1511658030
680394,2772093,3720767,pv,1511658030
667912,1047955,1320293,pv,1511658030
938116,2134897,2735466,pv,1511658030
276252,3465909,1299190,pv,1511658030
1004505,4048232,145519,pv,1511658031
954492,4932087,1320293,pv,1511658031
271586,151399,578983,pv,1511658031
629913,1014006,3702593,pv,1511658031
879398,2473922,4756105,pv,1511658031
644883,4961929,1573465,pv,1511658032
62574,169041,1807416,pv,1511658032
643095,5119949,4357323,pv,1511658032
14391,2367378,2920476,pv,1511658032
840495,3013895,2926020,pv,1511658032
846863,1607283,1132429,pv,1511658032
463414,4937993,3607361,pv,1511658032
743967,491563,4244487,pv,1511658032
571930,2104387,1646753,pv,1511658032
337203,2407315,4715650,pv,1511658032
87004,3581433,690811,pv,1511658032
808466,3209415,2355072,pv,1511658032
834242,2646442,4357323,pv,1511658032
5855,1547334,1120543,pv,1511658032
861315,4512645,3361496,fav,1511658032
128765,1897815,4756105,pv,1511658033
677500,4690832,3504022,pv,1511658033
594637,3443787,3747017,pv,1511658033
958078,952967,3177877,pv,1511658033
455903,1725977,3904106,pv,1511658033
441977,177176,50601,pv,1511658033
391280,4307461,982926,pv,1511658033
873094,2044886,2355072,pv,1511658033
664177,1293088,5053508,pv,1511658034
302778,3781391,1528133,pv,1511658034
475563,4841577,1275696,cart,1511658034
208142,3139742,4756105,pv,1511658034
138026,3709805,3672452,pv,1511658034
534394,3020956,2355072,pv,1511658034
387963,1177970,2885642,pv,1511658034
334506,2951108,411153,pv,1511658034
274331,2394590,1464116,pv,1511658034
356279,829406,1102540,pv,1511658034
775853,3788823,4217906,pv,1511658034
156203,4938048,2383838,pv,1511658034
572844,1438423,2520377,pv,1511658035
987111,2263608,245312,pv,1511658035
231038,708261,1964754,fav,1511658035
81884,2437934,753984,pv,1511658035
942856,4215633,4756105,pv,1511658035
208061,2916548,4692440,pv,1511658035
495163,5100809,1879194,pv,1511658035
43237,2393443,2355072,pv,1511658036
750878,4729766,4672807,pv,1511658036
882734,4273237,1540741,pv,1511658036
400141,1714043,237446,pv,1511658036
585344,646781,267209,pv,1511658036
227633,3498188,4476428,pv,1511658036
284584,2019640,3607361,cart,1511658036
988694,3542016,982926,pv,1511658036
164332,3158500,235534,pv,1511658036
945934,2793460,3720767,pv,1511658036
691649,437087,223690,pv,1511658036
128816,2803125,3637084,pv,1511658036
715158,1448525,1842993,pv,1511658036
606841,4290041,3299155,cart,1511658037
655163,3409614,4357323,pv,1511658037
337203,1253410,405755,pv,1511658037
169609,4290998,4731191,pv,1511658037
515001,4142409,2735466,pv,1511658037
525614,4397050,3738615,pv,1511658037
48008,3043421,4239038,pv,1511658037
1015928,2849670,2735466,pv,1511658037
408783,703194,2885642,pv,1511658037
42364,3978662,611849,pv,1511658037
790128,4946853,2096639,pv,1511658038
226081,689681,4756105,pv,1511658038
774686,96790,2188684,pv,1511658038
317012,1665474,2355072,pv,1511658038
211077,990967,570735,pv,1511658038
879481,3523697,2154867,pv,1511658038
24625,5074681,2465336,pv,1511658038
638709,3848680,1575622,pv,1511658038
178232,1413610,149192,pv,1511658038
19742,4388000,200278,pv,1511658038
216011,2678565,1548278,pv,1511658038
709957,1969563,4606718,pv,1511658038
106526,856738,1080785,pv,1511658038
325562,363858,2735466,pv,1511658038
979063,2452027,4022701,pv,1511658038
451072,1035375,1320293,pv,1511658038
374336,3615843,4801426,pv,1511658038
466049,140210,1132429,pv,1511658038
38369,1780938,4357323,pv,1511658038
27948,1190005,1320293,pv,1511658038
212574,321621,4756105,pv,1511658039
793295,2941339,149192,pv,1511658039
971953,1503702,4756105,pv,1511658039
270332,1751547,4718907,pv,1511658039
261666,5141180,2355072,pv,1511658039
79249,1336042,2465336,pv,1511658039
743689,3161594,4181361,pv,1511658039
187936,1209195,4145813,pv,1511658039
954462,2653229,2448593,pv,1511658039
505372,3578525,702060,pv,1511658039
492876,2648336,35290,pv,1511658039
572164,4818203,1464116,fav,1511658039
204115,3552080,2477357,pv,1511658039
342902,679860,4756105,pv,1511658039
856442,3242643,3607361,pv,1511658039
161769,3012000,2465336,fav,1511658040
932549,3986716,3002561,pv,1511658040
122406,81292,4756105,pv,1511658040
750506,1981069,149192,pv,1511658040
715211,1841806,3607361,pv,1511658040
819283,1652420,1320293,pv,1511658040
595900,378155,154040,pv,1511658040
685377,5034728,5013760,pv,1511658040
822536,1101240,4217906,pv,1511658040
745133,1116205,4145813,pv,1511658040
59062,4574049,2520377,pv,1511658040
165626,2575479,2735466,pv,1511658040
1009555,2331760,4145813,cart,1511658040
77803,4986247,2465336,pv,1511658040
624034,2647229,3570656,pv,1511658040
667083,297320,2371594,buy,1511658040
597923,5099876,4357323,pv,1511658041
931818,100558,4756105,pv,1511658041
1015984,26124,1320293,pv,1511658041
2538,215826,475867,pv,1511658041
796837,1795596,2751787,buy,1511658041
271307,4491210,4756105,pv,1511658041
667619,301463,4756105,pv,1511658041
549764,3492736,2750247,pv,1511658041
94366,3776330,4098232,pv,1511658041
548881,1720389,1297992,pv,1511658041
842634,3304069,4170829,pv,1511658042
889345,182302,1879194,pv,1511658042
16587,2979248,4242717,pv,1511658042
621660,139351,4170419,pv,1511658042
361377,1577340,2355072,pv,1511658042
116387,847448,1080785,fav,1511658042
684923,1101984,4145813,pv,1511658042
440635,946556,4643350,pv,1511658042
88694,4630291,3524510,pv,1511658042
890674,4040492,1080785,pv,1511658042
107845,1752843,4022701,pv,1511658042
551271,2693620,4181361,pv,1511658042
735926,2551616,643645,pv,1511658043
174990,1590402,4181361,pv,1511658043
111861,183202,4801426,pv,1511658043
759649,1140203,2672392,pv,1511658043
979391,1736074,4167958,pv,1511658043
926906,3613663,1537669,pv,1511658043
152477,3212608,4145813,pv,1511658043
785563,3491580,383530,pv,1511658044
524018,2972766,883960,pv,1511658044
682834,1055850,411153,pv,1511658044
274556,3223515,4756105,pv,1511658044
616131,96642,1669167,pv,1511658044
107304,4568417,4173315,pv,1511658044
1007770,2828948,4145813,pv,1511658044
763056,3835856,4022701,pv,1511658044
378746,4035966,4391936,pv,1511658044
189587,1166969,4145813,pv,1511658044
900760,2345399,2297500,pv,1511658044
313220,3703637,4145813,pv,1511658044
876969,3421467,2640118,pv,1511658045
83258,3281271,3208959,pv,1511658045
670362,3299917,4639855,buy,1511658045
200082,4742037,1582197,pv,1511658045
485869,48680,1080785,fav,1511658045
199710,3496903,149192,pv,1511658045
726631,688981,602012,pv,1511658045
61356,1861365,4801426,pv,1511658045
456196,3773434,3916967,pv,1511658045
43879,3054138,2355072,pv,1511658046
1001751,3715878,864424,pv,1511658046
580901,1097196,4962280,pv,1511658046
179311,855695,2228184,pv,1511658046
898475,2161195,1567637,pv,1511658046
650917,4018251,3232473,pv,1511658046
241837,28402,1787510,pv,1511658046
164468,1101984,4145813,pv,1511658046
391100,4090128,1051370,buy,1511658046
749591,2120683,4003932,pv,1511658046
167182,1372905,4756105,pv,1511658046
369599,3280512,4391936,pv,1511658047
385286,4130334,2096639,pv,1511658047
254829,4049737,2920476,pv,1511658047
399795,3525158,737184,pv,1511658047
841404,944214,1265358,pv,1511658047
408525,3697265,4145813,pv,1511658047
67695,2836943,2640118,pv,1511658047
576511,480263,4170419,pv,1511658047
650050,558297,2520771,pv,1511658047
904583,1978028,4357323,pv,1511658047
495673,2228920,1379146,pv,1511658047
88694,156613,3524510,pv,1511658047
184199,711400,982926,pv,1511658047
141653,4104444,690811,pv,1511658047
437488,1917077,4731191,pv,1511658047
286255,3241982,174239,pv,1511658047
844962,732901,672001,cart,1511658047
166068,3693482,4145813,pv,1511658047
727204,2780502,4734879,pv,1511658048
646259,1989377,864424,pv,1511658048
743967,445393,2572604,pv,1511658048
148609,2641891,883960,pv,1511658048
514020,3579536,1080785,pv,1511658048
728008,2622125,2885642,pv,1511658048
316462,3127503,747109,pv,1511658048
271921,4815811,154040,pv,1511658048
73999,1227141,4882154,pv,1511658048
662867,4435228,4131561,pv,1511658048
925387,2895958,3139583,pv,1511658049
550583,5109793,4801426,pv,1511658049
408217,4302849,1575622,pv,1511658049
197399,296401,2355072,pv,1511658049
774247,3591253,1567637,pv,1511658049
391116,149737,4145813,pv,1511658049
553937,235533,3624696,pv,1511658049
686704,4969699,4756105,pv,1511658049
391135,4576492,2433095,pv,1511658049
12229,2466255,873792,pv,1511658049
32060,605509,1305897,pv,1511658049
135144,3387857,3231625,pv,1511658049
341789,2583638,4145813,pv,1511658049
239365,2338453,3607361,pv,1511658050
172618,2168441,1386805,pv,1511658050
304509,4399271,4051859,pv,1511658050
588387,1512485,982926,pv,1511658050
60987,2157549,982926,pv,1511658050
668227,4105228,2465336,pv,1511658050
182912,1554167,5053508,pv,1511658050
997329,4529104,2520771,pv,1511658050
606403,3639718,781315,pv,1511658050
935666,818514,2939262,pv,1511658050
412734,3538956,3189162,pv,1511658050
660884,3268071,2225310,buy,1511658050
627356,4137462,1207887,pv,1511658051
948953,739340,1851156,pv,1511658051
478868,3628290,3607361,pv,1511658051
344680,3224461,4789432,pv,1511658051
827219,3575736,1080785,pv,1511658051
959927,1876212,4801426,fav,1511658051
510272,913219,4943103,fav,1511658051
409214,11670,999755,pv,1511658051
961233,896765,3185579,pv,1511658051
655176,4025021,4048584,pv,1511658051
19499,581967,1194737,pv,1511658052
699742,74907,3774512,pv,1511658052
477188,3676445,3398567,pv,1511658052
276718,4612620,360294,pv,1511658052
58778,2559519,235534,pv,1511658052
683248,553808,3607361,pv,1511658052
464559,1014126,2520377,pv,1511658052
880905,203312,2355072,pv,1511658052
249540,3932637,4145813,pv,1511658052
307385,4830507,4050612,pv,1511658052
84071,4620408,4756105,pv,1511658052
635797,994254,1643917,pv,1511658052
886107,5132121,154040,pv,1511658053
842033,178305,2520377,pv,1511658053
880462,2288143,1859277,cart,1511658053
116966,2020321,1349561,pv,1511658053
681544,1233460,3340725,pv,1511658053
223484,3412524,2885642,pv,1511658053
29206,2541514,4756105,pv,1511658053
161855,3224128,2878148,pv,1511658053
224747,2020871,2735466,pv,1511658053
642335,2876476,2066955,pv,1511658053
427673,3660663,2520771,pv,1511658054
375912,316224,4467019,pv,1511658054
257606,2471382,274067,cart,1511658054
605819,1400355,1320293,pv,1511658054
931842,3209697,982926,pv,1511658054
464478,472519,2920476,pv,1511658054
608838,1220205,4756105,pv,1511658054
475206,404455,154040,pv,1511658054
96981,516246,4801426,pv,1511658054
923006,2921575,4621949,pv,1511658055
301329,3542678,4357323,pv,1511658055
420522,550284,1216617,pv,1511658055
752082,3234144,2877672,cart,1511658055
646119,2530033,4756105,pv,1511658055
297770,1979905,1851156,pv,1511658055
793147,3198616,1575622,pv,1511658055
224940,2692568,4217906,fav,1511658056
35841,3050684,2355072,pv,1511658056
785375,4393653,245030,pv,1511658056
525443,3937099,3607361,pv,1511658056
457055,1316152,4697972,pv,1511658056
177975,4743325,4756105,pv,1511658056
891290,4914728,2520771,pv,1511658056
1007770,1915731,3607361,pv,1511658056
678036,3422068,1080785,pv,1511658056
568282,3365617,1029459,cart,1511658056
392176,192579,2066955,pv,1511658056
9465,682966,3645362,pv,1511658056
695389,596484,4337739,pv,1511658056
631083,4261030,1464116,pv,1511658056
696282,1157636,4537973,pv,1511658057
931818,1025254,4756105,pv,1511658057
753959,2773290,1936748,buy,1511658057
954963,300075,2520377,pv,1511658057
539357,4174622,4181361,pv,1511658057
18893,3526263,2465336,pv,1511658057
480906,393584,2640118,pv,1511658057
779911,326756,401765,pv,1511658057
574479,1604126,4145813,pv,1511658057
391677,5033287,2096639,pv,1511658057
807926,259923,4170419,pv,1511658057
251918,1782353,3439012,pv,1511658057
7071,780573,2748804,pv,1511658058
573227,792039,2520377,pv,1511658058
542809,3727077,3607361,pv,1511658058
600848,309329,1029459,pv,1511658058
493300,550491,1464116,buy,1511658058
425769,2206405,4921617,pv,1511658058
507586,537100,4145813,pv,1511658058
298026,2539082,322805,pv,1511658058
127265,2527310,3645611,fav,1511658058
612716,652769,4692440,pv,1511658058
516799,4199908,155172,pv,1511658058
69136,3791360,1879194,pv,1511658059
917927,4946821,4801426,pv,1511658059
982475,2948112,2158079,pv,1511658059
334441,1930098,1274818,pv,1511658059
132997,1821220,1859277,pv,1511658059
569547,3696261,2925160,buy,1511658059
41605,4373854,4558987,pv,1511658059
701018,4717022,2355072,pv,1511658059
292228,3059530,4712571,pv,1511658059
664177,4140809,5053508,pv,1511658059
789759,3037050,1216617,pv,1511658059
768098,3692510,2520377,pv,1511658059
117918,4643737,590997,pv,1511658059
691299,2660418,411153,pv,1511658059
730829,3654380,3776866,pv,1511658059
935955,1955883,703852,pv,1511658060
486586,2352438,982926,pv,1511658060
912216,1165697,4801426,pv,1511658060
877062,3360483,4756105,pv,1511658060
996424,426858,562852,pv,1511658060
62423,1523571,4756105,pv,1511658060
379989,4820962,3579754,pv,1511658060
129207,3853508,800581,pv,1511658060
989894,1417584,1474371,pv,1511658060
562486,1391397,3627351,pv,1511658060
588877,1647161,3607361,pv,1511658060
621478,1734061,4643350,pv,1511658060
52360,2438077,3738615,pv,1511658060
25740,2153778,1349561,pv,1511658060
223847,2260111,4690421,pv,1511658061
301346,3202729,3189162,pv,1511658061
258809,822559,2572604,buy,1511658061
136913,2788560,965809,cart,1511658061
420755,1990268,1464116,pv,1511658061
870080,5133976,4801426,pv,1511658061
973145,1907189,3777112,pv,1511658061
271921,2894187,4173315,pv,1511658061
491806,3465849,2520771,pv,1511658061
396733,255324,4756105,pv,1511658061
17408,1830350,1787510,pv,1511658061
468722,3401042,4374048,pv,1511658061
765132,3186781,154040,pv,1511658061
495343,84503,2355072,pv,1511658061
773236,3464088,4801426,pv,1511658061
472276,1539610,3607361,pv,1511658061
1015696,830258,151648,pv,1511658061
768412,2494206,4756105,pv,1511658061
346496,588041,2096639,pv,1511658061
969258,2601613,1467750,pv,1511658061
243419,2094080,4145813,pv,1511658062
697166,3680951,1859277,pv,1511658062
715343,4781057,411153,pv,1511658062
815179,3322188,4145813,pv,1511658062
122610,2636181,4181361,pv,1511658062
638958,2245009,2476560,pv,1511658062
738248,1987513,1320293,pv,1511658062
62574,4780101,1807416,pv,1511658062
750310,3991420,344833,pv,1511658062
313688,2312248,1299190,pv,1511658062
358602,2520573,4801426,pv,1511658062
277113,2578768,149192,pv,1511658062
63137,2029924,2750247,pv,1511658062
496991,2320794,982926,pv,1511658062
52658,84533,4756105,pv,1511658063
929071,2064325,1379146,pv,1511658063
589766,104501,3447865,pv,1511658063
363872,4409126,2355072,pv,1511658063
962021,4716938,982926,pv,1511658063
642887,2756872,2355072,pv,1511658063
16492,2036206,4181361,pv,1511658063
860477,1989066,149192,pv,1511658063
94995,3633611,866301,pv,1511658063
253580,4256569,3065645,pv,1511658063
119609,1968072,1029459,pv,1511658063
59442,2622715,3395587,pv,1511658063
604973,4515824,1464116,cart,1511658063
366280,1253395,3253357,pv,1511658063
361299,4058993,1320293,pv,1511658063
986843,3397226,634390,pv,1511658063
419957,1588202,4606718,pv,1511658064
648924,767020,4170419,pv,1511658064
217193,716185,4217906,pv,1511658064
65293,54159,690811,pv,1511658064
444901,4258000,2735466,pv,1511658064
348706,1213049,4163659,pv,1511658064
335072,4071421,150092,pv,1511658064
571953,4989148,4962280,pv,1511658065
648354,3674249,3747017,pv,1511658065
120783,1140942,3607361,pv,1511658065
840443,2008451,2355072,pv,1511658065
506489,2550194,3002561,pv,1511658065
941813,3756139,1567637,pv,1511658065
563020,3470984,2735466,pv,1511658065
438081,1857553,4756105,pv,1511658065
928262,1689517,2244246,cart,1511658065
395602,2180473,4697972,pv,1511658065
191376,1405016,3002561,pv,1511658065
593920,1831192,4152994,pv,1511658066
662862,218049,3740459,pv,1511658066
902094,300812,2355072,pv,1511658066
999405,2120556,1349634,pv,1511658066
972988,3519725,149192,pv,1511658066
216773,4170990,4145813,pv,1511658066
99683,5148473,2920476,pv,1511658066
373633,499628,2885642,pv,1511658066
779678,2362685,200278,pv,1511658067
407958,2799807,2355072,pv,1511658067
526483,4916432,2520377,pv,1511658067
227870,1113297,1787510,pv,1511658067
154845,5004252,3805065,pv,1511658067
418962,545974,4050612,pv,1511658067
878490,3780003,3738615,pv,1511658067
601348,2196722,383749,pv,1511658067
228626,4403644,1326100,pv,1511658067
78168,2598729,3017203,pv,1511658067
661524,2638214,4708262,pv,1511658067
922079,4756859,4993094,cart,1511658067
983904,1103470,2747756,pv,1511658067
928552,1684244,1859277,pv,1511658068
43362,3244134,4801426,pv,1511658068
738604,4304555,200278,pv,1511658068
227176,3014100,3160926,pv,1511658068
151511,5128095,3607361,pv,1511658068
318071,2054838,3748100,pv,1511658068
932142,3570360,4756105,pv,1511658068
949618,4117954,235534,pv,1511658068
973688,1556250,149192,pv,1511658068
376792,3282932,1320293,pv,1511658068
22660,2308861,4181361,pv,1511658068
540744,628293,2778281,pv,1511658068
212117,4002639,1787510,pv,1511658068
471199,1474691,737184,buy,1511658068
432978,189175,2465336,pv,1511658068
962782,3121072,4835206,buy,1511658068
819029,2109749,3607361,pv,1511658068
989869,1526551,3607361,pv,1511658069
413092,215816,2885642,pv,1511658069
79249,1336042,2465336,pv,1511658069
862389,1357737,4869428,pv,1511658069
442221,4009007,2520771,pv,1511658069
844357,2769894,2520771,cart,1511658069
40793,3753155,4801426,pv,1511658069
730765,2649412,4756105,pv,1511658069
223484,298330,2885642,pv,1511658069
390479,4517941,1575622,pv,1511658069
74261,4755482,4697972,pv,1511658070
505019,1717947,35290,pv,1511658070
561158,5066637,2342116,fav,1511658070
618636,624041,4145813,pv,1511658070
155302,1503144,2926020,pv,1511658070
876805,3433822,149192,pv,1511658070
112638,3766115,3788576,pv,1511658070
660815,3162697,3299155,pv,1511658070
338652,815932,3975787,pv,1511658070
734002,3945724,411153,pv,1511658070
530832,2288408,2520771,pv,1511658070
707152,3277629,2596428,pv,1511658071
422064,747736,2520377,pv,1511658071
984329,1220912,1275696,pv,1511658071
125206,2152786,2922264,pv,1511658071
655163,1745887,4357323,pv,1511658071
766199,3280460,547478,pv,1511658071
601903,3811891,4242717,pv,1511658071
287456,3732729,1320293,pv,1511658071
664778,797660,359388,pv,1511658071
976341,1306698,3776866,pv,1511658072
536796,3638761,1080785,pv,1511658072
354434,2897088,3975787,pv,1511658072
363872,4542307,982926,cart,1511658072
207988,3255139,3702593,pv,1511658072
185686,4988864,4672807,pv,1511658072
461373,3832358,4756105,pv,1511658072
267061,4961929,1573465,pv,1511658072
136177,2705098,1051370,pv,1511658072
93705,2560749,3102419,pv,1511658072
422316,437004,4022701,pv,1511658072
918724,54352,4357323,pv,1511658072
580494,1160031,2892802,pv,1511658072
968805,735415,4756105,pv,1511658072
1004505,1282497,1338377,pv,1511658073
269790,5160719,4733463,pv,1511658073
104213,4701024,3299155,pv,1511658073
177100,2443704,4261392,pv,1511658073
251296,1331799,3607361,pv,1511658073
966814,4211104,4358294,pv,1511658073
772494,2026098,411153,pv,1511658073
998984,1204358,2131531,pv,1511658073
995654,1992111,4756105,cart,1511658073
874963,874402,4858656,pv,1511658073
595166,2656424,750949,pv,1511658073
622554,265051,4580532,pv,1511658073
405616,433860,4015820,pv,1511658074
937854,5142017,3566034,pv,1511658074
907477,2824364,2926020,cart,1511658074
324467,3211250,3138705,pv,1511658074
68098,2597373,3065645,pv,1511658074
62317,4475510,3738615,pv,1511658074
402719,4441392,4294583,pv,1511658074
984653,4483973,4654786,pv,1511658074
854802,2401351,4801426,pv,1511658074
887783,4086172,4756105,pv,1511658074
198548,3258993,1320293,pv,1511658075
193040,3148330,2465336,pv,1511658075
926652,3776306,4883737,pv,1511658075
442221,4822830,2520377,pv,1511658075
255136,1988428,2578647,buy,1511658075
124496,3228967,2939262,cart,1511658075
847852,3728149,4082778,pv,1511658075
306484,2973152,321567,pv,1511658075
565141,4016397,1787510,pv,1511658075
943912,3535338,3323023,pv,1511658075
255136,3069105,2640118,buy,1511658075
537285,4784701,4690421,pv,1511658075
507376,3095716,4533189,pv,1511658076
87520,3092217,4606718,pv,1511658076
239920,3542678,4357323,fav,1511658076
860777,385246,4756105,pv,1511658076
29729,1801088,4145813,pv,1511658076
615540,4195953,2590256,pv,1511658077
293834,3200894,4690421,pv,1511658077
912423,3392915,2042400,pv,1511658077
59131,1789997,154040,pv,1511658077
999050,2102977,3607361,pv,1511658077
972271,4507558,4357323,fav,1511658077
145163,1269144,1879194,pv,1511658077
938976,4080887,1051370,pv,1511658077
673469,1068211,4756105,pv,1511658078
926906,444761,1537669,pv,1511658078
363996,1188568,2465336,pv,1511658078
148676,1351543,4244487,pv,1511658078
301329,3243107,381850,pv,1511658078
437694,3620463,1051370,pv,1511658078
612496,2607699,3277224,pv,1511658078
569814,28100,2462567,pv,1511658078
793263,2145926,2725426,pv,1511658078
486932,3593600,4145813,pv,1511658078
495711,4514731,4756105,pv,1511658079
19214,3160608,2640118,pv,1511658079
436840,16220,2572604,pv,1511658079
298059,4152983,2355072,pv,1511658079
547123,2264417,4576874,pv,1511658079
223591,2847008,3607361,pv,1511658079
636771,924104,2558244,pv,1511658079
907365,1791924,381850,pv,1511658079
227176,5056818,3138705,pv,1511658079
234145,2380031,1851156,pv,1511658079
476727,4186105,3299155,pv,1511658079
342222,326767,3002561,pv,1511658079
245246,4435363,381850,pv,1511658079
394436,4529256,3844144,pv,1511658079
345887,1502125,4690421,cart,1511658080
138084,2618173,2465336,pv,1511658080
371809,975639,2920476,pv,1511658080
556541,3158959,4284875,pv,1511658080
206376,4074749,4672807,pv,1511658080
254215,2837323,3299155,cart,1511658080
988624,2807779,1789614,pv,1511658080
955099,4125899,611849,pv,1511658080
607098,4960477,2885642,pv,1511658080
35426,4826281,1320293,pv,1511658080
779911,1919587,1051370,pv,1511658080
180683,897769,3299155,pv,1511658080
821072,1516550,4173315,pv,1511658081
41237,2043019,3299155,pv,1511658081
294237,312390,1464116,pv,1511658081
350999,2563051,2945933,pv,1511658081
346955,2889145,3864364,pv,1511658081
354434,3503377,3975787,pv,1511658081
982046,4593657,4801426,pv,1511658081
285036,4924109,1061857,pv,1511658081
410498,1485556,570735,pv,1511658082
963107,2892764,285583,pv,1511658082
708917,1659169,1320293,pv,1511658082
163095,986558,4756105,pv,1511658082
567769,1424843,2750247,fav,1511658082
180924,1940298,3738615,pv,1511658082
6068,728830,3776866,pv,1511658082
799720,358117,4756105,pv,1511658082
501070,175241,4159072,pv,1511658082
689112,1053277,2520771,fav,1511658082
593495,2739046,2355072,pv,1511658082
58046,1756339,4273662,pv,1511658083
642819,1374813,838946,pv,1511658083
173594,3877972,4756105,pv,1511658083
295155,4481726,883960,pv,1511658083
35198,1658892,5071267,pv,1511658084
182752,516272,553365,cart,1511658084
584221,3529591,4756105,pv,1511658084
12649,4351592,245312,pv,1511658084
460852,2323861,4801426,pv,1511658084
16163,3101984,4357323,pv,1511658084
16080,2693082,4181361,pv,1511658084
908602,2008345,4069500,pv,1511658084
574939,1693710,3607361,pv,1511658084
954400,3282373,4690421,pv,1511658084
950856,1197505,2735466,pv,1511658085
754480,673361,3607361,cart,1511658085
568282,2732691,1029459,pv,1511658085
351423,2083038,1575622,pv,1511658085
941298,3182832,3004643,pv,1511658085
639420,4430768,2558244,pv,1511658085
652435,890126,4756105,pv,1511658085
65944,3460145,3607361,pv,1511658085
289309,2258006,672001,pv,1511658085
123245,4876649,2629787,pv,1511658085
944633,4836786,4152994,fav,1511658086
24828,3086756,4396514,pv,1511658086
753728,3293981,2529187,buy,1511658086
829669,3964688,2920476,pv,1511658086
674360,3304208,570735,pv,1511658086
205752,2659028,3747017,pv,1511658086
302601,2219998,801221,pv,1511658086
405290,3567468,4173315,pv,1511658086
468290,3196780,4756105,pv,1511658086
984372,1057878,2306045,pv,1511658086
257767,4936530,4801426,pv,1511658087
469083,492478,4643350,pv,1511658087
780659,4454397,2520771,pv,1511658087
442221,2435187,2520377,pv,1511658087
956752,776309,4357323,pv,1511658087
784463,386802,3776866,pv,1511658087
737216,2763356,3607361,pv,1511658087
277159,4456634,2735466,pv,1511658087
998645,433634,1994940,pv,1511658087
865012,4472354,4145813,pv,1511658087
256844,194373,1575622,pv,1511658087
376075,4664031,4756105,pv,1511658087
89383,4010014,2693696,pv,1511658087
327950,3294219,696911,pv,1511658087
85099,337331,4217906,pv,1511658087
735926,2551616,643645,pv,1511658088
38720,5126124,1851156,cart,1511658088
776448,4932853,4129924,pv,1511658088
925780,1917157,4276787,pv,1511658088
411780,3823432,1859277,pv,1511658088
441000,1592962,154040,pv,1511658088
48463,2279428,2303546,pv,1511658088
806469,2223383,4181361,pv,1511658088
410282,1611884,1158475,pv,1511658088
646967,890799,2920476,pv,1511658088
165972,1946545,4558987,pv,1511658088
213867,119595,4044118,pv,1511658088
332075,2800365,3002561,pv,1511658088
34879,2274343,916973,pv,1511658088
633200,1563897,1320293,pv,1511658088
347280,5138724,2355072,pv,1511658088
572491,2401750,4918438,buy,1511658089
482543,3317289,4756105,pv,1511658089
248136,2949091,2725426,pv,1511658089
912390,1846009,2735466,buy,1511658089
207336,1493359,344833,pv,1511658089
952253,2266185,1817004,pv,1511658089
986160,30949,4357323,cart,1511658089
750310,4562667,1061857,pv,1511658089
365606,4928493,3607361,pv,1511658089
808342,763594,2520377,cart,1511658089
679641,4991228,2858794,pv,1511658090
706148,2637304,2465336,pv,1511658090
259118,913491,4145813,pv,1511658090
323328,3794711,4145813,pv,1511658090
728370,2937691,4756105,pv,1511658090
887530,4989453,4145813,pv,1511658090
96135,812166,1528701,cart,1511658090
844521,3109500,4086613,pv,1511658090
277786,3077222,5003455,pv,1511658090
684152,515952,500212,pv,1511658090
762255,22117,2685357,pv,1511658091
44224,3201723,2465336,pv,1511658091
403796,422670,3935164,pv,1511658091
43363,3434534,1080785,pv,1511658091
878926,4330698,2181935,pv,1511658091
771641,3122690,2735466,pv,1511658091
142325,890416,2042400,cart,1511658092
399320,4802868,2355072,pv,1511658092
765193,628705,1807416,pv,1511658092
157244,301985,348175,pv,1511658092
950774,4568756,1320293,pv,1511658092
414988,205346,4756105,cart,1511658092
927966,280499,1430205,pv,1511658092
259078,1729257,2640118,pv,1511658092
488376,1145922,1320293,pv,1511658093
42301,4248345,2945933,cart,1511658093
877567,144496,3647870,pv,1511658093
95589,3047180,238434,pv,1511658093
154811,2144192,2440115,pv,1511658093
70758,2908595,2926020,pv,1511658093
957694,4074013,4357323,pv,1511658093
693679,3503219,2885642,pv,1511658093
547556,2821271,1125862,pv,1511658093
386514,1670246,2465336,pv,1511658093
964759,3392309,4181361,pv,1511658093
687542,1463162,2590256,pv,1511658093
565419,1500050,883960,pv,1511658093
921642,2015020,4756105,pv,1511658093
549488,4799748,737184,pv,1511658093
800217,5147845,4756105,pv,1511658094
876028,1850882,4170419,pv,1511658094
599606,1215898,3138705,pv,1511658094
798649,2997187,860357,pv,1511658094
797202,3532904,2355072,pv,1511658094
746720,1563389,3645362,pv,1511658094
899472,2268659,1080785,pv,1511658094
677848,3461766,1080785,pv,1511658094
465360,331457,570735,pv,1511658094
628282,3459820,4357323,pv,1511658094
776448,4945712,133009,pv,1511658094
635932,5078620,3738615,pv,1511658094
782383,2788436,801221,pv,1511658094
328910,1983448,4533189,pv,1511658094
365976,739553,1320293,pv,1511658095
139013,1367890,4756105,pv,1511658095
240318,3867181,1879194,pv,1511658095
895568,1991884,2520771,pv,1511658095
550084,4352355,245312,pv,1511658095
834328,3232296,2321441,pv,1511658095
849844,5123724,2939262,pv,1511658095
607228,910181,2342116,pv,1511658095
732117,3494277,4756105,pv,1511658095
151111,3470034,791327,pv,1511658096
587752,1245513,2982027,pv,1511658096
873702,3528508,2718588,pv,1511658096
938116,4839658,4217906,pv,1511658096
426171,3254503,4756105,pv,1511658096
854608,1620217,904454,buy,1511658096
415117,685472,3004853,pv,1511658096
437970,2527324,3898483,pv,1511658096
820700,3894780,3607361,pv,1511658096
638370,3227489,285583,pv,1511658097
737631,1487354,3607361,pv,1511658097
996964,3589541,102272,pv,1511658097
752089,2426349,2465336,pv,1511658097
702009,4574175,154040,pv,1511658097
190255,863243,2355072,pv,1511658097
654139,2541613,2131531,fav,1511658097
296974,2848030,3738615,pv,1511658097
379202,429876,965809,buy,1511658097
241837,2805233,1787510,pv,1511658097
417820,3221274,2247880,pv,1511658098
564938,4977869,154040,pv,1511658098
72303,4078693,4801426,pv,1511658098
425623,3956790,2825431,pv,1511658098
384498,328289,4181361,pv,1511658098
678022,1468050,570735,pv,1511658098
763438,1347720,1080785,pv,1511658098
988970,673866,2778281,pv,1511658098
630287,4722518,4756105,pv,1511658098
439227,4406761,4756105,pv,1511658098
912925,4830877,1080785,pv,1511658099
217722,535196,841696,pv,1511658099
608838,3713494,4756105,pv,1511658099
16474,4493580,4804883,cart,1511658099
162212,4249271,2939262,pv,1511658099
234159,2994701,2520771,pv,1511658099
911512,3893319,2640118,pv,1511658099
751648,3625032,846990,pv,1511658099
139665,1465966,2885642,pv,1511658099
504476,3986424,2885642,pv,1511658099
835589,539966,2355072,pv,1511658100
932131,3857098,375240,pv,1511658100
635603,1969989,3805065,pv,1511658100
911160,5081388,149192,pv,1511658100
935258,2703261,1807416,pv,1511658100
866763,2578956,1020087,pv,1511658100
581989,1314225,1464116,pv,1511658100
92475,4886195,3549297,pv,1511658100
542989,105406,238434,pv,1511658100
76759,589148,1299190,pv,1511658100
309122,2773677,2465336,pv,1511658101
505980,2275708,3616520,pv,1511658101
967422,2508716,4756105,pv,1511658101
953579,2939604,982926,fav,1511658101
27222,2539203,4756105,pv,1511658101
632753,4219753,2934788,pv,1511658101
152459,4218545,3139583,pv,1511658101
696514,2308582,4170419,pv,1511658101
120766,3457869,2158079,cart,1511658101
332708,775248,720055,pv,1511658101
785621,2229783,1859277,pv,1511658101
541493,3997635,4145813,pv,1511658101
1000565,4657120,1429156,pv,1511658101
191658,3024346,2465336,pv,1511658101
427439,3834939,2702525,pv,1511658101
931507,1956224,4801426,cart,1511658102
478340,134731,583014,pv,1511658102
530376,2412201,5071267,pv,1511658102
556857,1478792,235534,pv,1511658102
235487,3239616,3672452,pv,1511658102
7046,3569818,3738615,cart,1511658102
527378,413058,983613,pv,1511658102
951164,3648725,149192,pv,1511658102
898537,4095015,3490970,pv,1511658102
435778,1046005,2860496,pv,1511658102
901262,2235394,2465336,pv,1511658102
397330,987171,1029459,pv,1511658102
41109,3266448,3835723,buy,1511658102
775555,3643440,4731191,pv,1511658102
549794,1070612,3415144,pv,1511658102
224837,2184760,2615320,pv,1511658102
606933,3603103,1080785,pv,1511658103
685525,1925476,1125862,pv,1511658103
168523,335593,1575622,pv,1511658103
447468,3077988,2920476,pv,1511658103
851129,3367676,2533863,pv,1511658103
2555,2531512,145388,pv,1511658103
231453,213637,4145813,cart,1511658103
155302,3103810,4756105,pv,1511658103
437872,3959809,1567637,buy,1511658103
34939,4561746,2872443,pv,1511658103
984166,1742466,321567,pv,1511658104
977084,677556,3767409,pv,1511658104
498239,4759466,84264,pv,1511658104
673482,5152578,3002561,pv,1511658104
25234,4054932,3002561,pv,1511658104
815179,4188125,4145813,pv,1511658104
6599,3176664,3607361,cart,1511658104
364946,1007062,3398567,pv,1511658104
242560,2053930,4145813,pv,1511658104
430130,3263318,3004853,pv,1511658104
885359,789929,1050007,pv,1511658104
844357,4916914,2520771,cart,1511658105
317338,2821308,4756105,pv,1511658105
178266,3137059,2945933,pv,1511658105
472276,2428275,4756105,pv,1511658105
104272,3563543,883960,pv,1511658105
210096,2329147,1275696,fav,1511658105
761062,4694505,255969,pv,1511658105
973585,245566,2736436,pv,1511658106
992363,3360483,4756105,pv,1511658106
545257,4702391,4643350,pv,1511658106
466631,720873,2735466,pv,1511658106
222158,635932,4901188,cart,1511658106
959927,2256015,2782399,pv,1511658106
925365,2395565,4700878,buy,1511658106
683836,3833668,2832009,pv,1511658106
413060,3614812,4099608,cart,1511658106
82170,3936745,2465336,pv,1511658106
390177,1628323,1320293,pv,1511658106
223459,2794017,2520377,pv,1511658106
905474,2570064,2304296,pv,1511658106
6273,1685459,2735466,pv,1511658106
716384,4847472,570735,pv,1511658107
619747,4499025,4736122,buy,1511658107
951079,720458,4145813,pv,1511658107
684209,471135,3607361,pv,1511658107
877605,1241404,1464116,pv,1511658107
750252,4713705,1299190,pv,1511658107
816286,4947926,2558244,fav,1511658107
190629,2389652,2693696,pv,1511658107
291599,3147461,4827153,pv,1511658107
689560,4056344,4170419,pv,1511658107
789414,1829955,5041153,pv,1511658108
165889,2320817,1595193,pv,1511658108
228626,3018845,3836451,pv,1511658108
589083,1803684,2640118,pv,1511658108
435977,534605,2520377,pv,1511658108
1001724,3480883,886203,pv,1511658108
827565,5031300,2520377,pv,1511658108
427673,3257248,2520771,pv,1511658108
442888,3638779,4962280,pv,1511658108
6951,2990265,2578647,pv,1511658108
68098,806427,2735466,pv,1511658108
883971,3765292,4334077,pv,1511658108
693535,2921286,3967525,pv,1511658108
865548,2725976,3607361,pv,1511658109
378759,4889751,149192,pv,1511658109
187223,312026,4801426,pv,1511658109
432773,1320244,3189935,cart,1511658109
409678,1831842,801221,pv,1511658109
471199,416875,2355072,pv,1511658109
266237,4871155,1320293,pv,1511658109
309647,4982319,703487,cart,1511658109
406020,609992,4022701,pv,1511658109
284503,4778904,35290,pv,1511658109
553229,3606575,3673049,pv,1511658110
462498,3196234,1080785,pv,1511658110
885983,996267,3607361,pv,1511658110
527378,3144104,385383,pv,1511658110
907252,4499389,874007,pv,1511658110
729714,4654360,4818107,pv,1511658110
895674,4374565,64179,pv,1511658110
972290,841417,1957261,cart,1511658110
136826,5051027,3354186,pv,1511658110
748688,3571029,2885642,pv,1511658110
400417,143893,2558244,pv,1511658110
468850,3194817,4756105,pv,1511658110
296634,4776072,2735466,pv,1511658110
140716,662688,982926,pv,1511658110
542514,4985981,869231,pv,1511658110
261948,3493253,982926,pv,1511658111
654813,4988476,883960,pv,1511658111
688776,1505910,1376358,pv,1511658111
717634,3878236,2020240,pv,1511658111
61356,3263580,2465336,pv,1511658111
14553,2177564,1879194,pv,1511658111
109237,3323255,289692,pv,1511658111
807778,587616,2640118,fav,1511658111
906199,1343119,2735466,pv,1511658111
274766,2932442,3510979,cart,1511658111
986160,4437794,4357323,pv,1511658111
811123,669623,2465336,pv,1511658111
181547,1992987,2465336,pv,1511658111
902472,1635236,2355072,pv,1511658111
592277,2253111,4756105,pv,1511658111
760390,3976720,1546352,pv,1511658111
970474,2027773,3953647,buy,1511658112
204478,1194526,3720767,pv,1511658112
828297,5087202,2072473,pv,1511658112
971686,4975814,2640118,pv,1511658112
813983,3674108,2885642,fav,1511658112
522166,5066189,4756105,pv,1511658112
700615,2852783,2355072,pv,1511658112
871127,2950552,1859277,pv,1511658112
850458,2027093,4145813,pv,1511658112
476625,120766,3738615,pv,1511658112
146495,49807,3645362,pv,1511658112
873169,335197,4364882,pv,1511658112
43105,2160102,314028,pv,1511658112
126825,238514,3607361,pv,1511658112
469978,1410743,72526,pv,1511658112
469083,3098356,4643350,pv,1511658112
76859,3426484,982926,pv,1511658113
219819,3508368,2520377,pv,1511658113
318071,5125913,1875258,pv,1511658113
150374,832991,4756105,pv,1511658113
562414,5071637,2520377,pv,1511658113
500322,2793217,4358294,fav,1511658113
902996,44446,4181361,cart,1511658113
122226,2364200,2465336,cart,1511658113
334620,2252602,2892802,pv,1511658113
321022,2806010,3299155,pv,1511658113
37819,600756,2228184,pv,1511658113
604760,5032230,3738615,pv,1511658113
400808,2587849,4756105,pv,1511658113
15594,1534824,4048584,pv,1511658114
487970,2633979,3524510,pv,1511658114
763523,751591,466400,pv,1511658114
807282,3699958,2462567,pv,1511658114
332075,5052819,3002561,pv,1511658114
508624,3898944,1320293,pv,1511658114
679805,783669,1045172,pv,1511658114
988584,1698575,4801426,pv,1511658114
295084,1708675,3440715,pv,1511658114
417602,356611,4789432,pv,1511658114
176802,4788322,285583,pv,1511658114
223459,1883131,2520771,pv,1511658114
556610,2711481,1568197,pv,1511658115
38118,1580449,2082734,pv,1511658115
962621,3328172,903809,pv,1511658115
725192,1540303,4282670,pv,1511658115
576781,4988398,154040,pv,1511658115
701967,2488899,2355072,pv,1511658115
38172,264706,2355072,fav,1511658115
351009,5020600,1464116,pv,1511658115
440653,3093290,4145813,pv,1511658115
672570,4286872,1819175,pv,1511658115
124026,1283919,2355072,pv,1511658115
787201,2008913,2640118,pv,1511658116
784160,911583,3228699,pv,1511658116
924577,4709263,4159072,pv,1511658116
249179,1385073,672001,pv,1511658116
76409,2157439,149192,pv,1511658116
346955,2889145,3864364,pv,1511658116
983075,2931412,2355072,pv,1511658116
158600,46643,2923068,fav,1511658116
540744,3538201,2778281,pv,1511658116
864169,3799186,982926,pv,1511658116
895568,4667271,4801426,pv,1511658116
276718,4229130,360294,pv,1511658117
162450,4245355,2465336,pv,1511658117
418240,4878354,4145813,fav,1511658117
787175,4053789,4826471,pv,1511658117
342222,1924468,2735466,pv,1511658117
5031,3658444,2896142,pv,1511658117
799910,3836844,1817004,buy,1511658117
168644,2137814,1655632,pv,1511658117
602875,3903082,4756105,pv,1511658117
656792,439130,2738312,pv,1511658117
577777,3810114,4756105,pv,1511658118
943406,866111,2465336,pv,1511658118
867634,1085169,154040,pv,1511658118
182867,3198123,4118464,pv,1511658118
872781,2164310,4181361,pv,1511658118
140965,1185561,2042400,pv,1511658118
239068,220669,4756105,pv,1511658118
368572,2369710,4357323,pv,1511658118
507110,3624285,3607361,pv,1511658118
182881,3761770,1080785,pv,1511658118
585408,1247472,2520377,pv,1511658118
30959,2755037,3607361,fav,1511658119
244334,2082064,384755,pv,1511658119
59131,2609355,154040,pv,1511658119
355330,1993427,781315,pv,1511658119
729560,1929104,5071267,pv,1511658119
931846,1188091,1061857,fav,1511658119
222707,3793640,4181361,cart,1511658119
394412,2919587,4145813,pv,1511658119
859796,4038767,2558204,pv,1511658119
1011132,239212,982926,pv,1511658120
770091,1448621,882707,pv,1511658120
9465,112196,2877672,pv,1511658120
802112,4415618,2832009,pv,1511658120
179304,4142935,3108044,pv,1511658120
585306,451147,866301,buy,1511658120
768657,4844649,3328511,pv,1511658120
461523,1714330,2465336,pv,1511658120
834270,2342468,2880419,pv,1511658120
211539,3139213,1464116,pv,1511658120
654037,4327617,1689624,pv,1511658120
961565,1103893,4756105,pv,1511658120
93935,4533759,2892802,pv,1511658120
587420,2516678,3673501,pv,1511658121
569386,5126076,2572604,pv,1511658121
7956,739014,2877672,pv,1511658121
1001332,4172067,2920476,pv,1511658121
166691,1749157,1787510,pv,1511658121
731763,3619936,411153,pv,1511658121
986804,4023750,4339722,pv,1511658121
442101,3502027,2476560,pv,1511658121
883843,840373,1868423,pv,1511658121
947076,2573241,1265358,pv,1511658121
828297,4366363,2072473,pv,1511658121
757989,1645918,1691699,pv,1511658121
776721,1601987,2355072,pv,1511658121
633478,4670690,4756105,pv,1511658122
563275,4066257,1026507,fav,1511658122
268373,5150006,1165503,pv,1511658122
856614,3830677,2885642,pv,1511658122
593894,1279125,4145813,pv,1511658122
466173,1943013,1521931,buy,1511658122
224998,2515104,3998581,cart,1511658122
745308,425476,1464116,pv,1511658122
494233,4567592,3607361,pv,1511658122
950383,2251705,526781,pv,1511658122
346529,4408236,4756105,pv,1511658122
329315,3166408,3720155,pv,1511658123
964039,2922853,1080785,pv,1511658123
819191,2508584,154040,pv,1511658123
816492,2690879,4756105,fav,1511658123
565141,3555256,1787510,pv,1511658123
145681,2248116,2495340,pv,1511658123
63619,1211585,4801426,pv,1511658123
269791,3180790,2748804,pv,1511658123
875393,84298,4078249,pv,1511658123
687718,1355734,235534,pv,1511658123
362447,5161740,3177877,pv,1511658123
484467,5157294,2158079,pv,1511658123
309123,4162576,4170419,pv,1511658124
422979,4486192,3855599,pv,1511658124
219254,2408015,893651,pv,1511658124
654550,3049033,2891408,pv,1511658124
905052,3113268,2241047,pv,1511658124
53522,4414271,4145813,pv,1511658124
390257,4333209,3002561,pv,1511658124
767294,577781,4697972,pv,1511658124
737124,2353363,2640118,pv,1511658124
642147,2253677,4731191,pv,1511658124
624034,3981120,3570656,pv,1511658124
432415,1465296,3026556,pv,1511658124
271815,2066501,399287,pv,1511658124
601630,4100345,4242717,pv,1511658124
517649,137024,1216617,pv,1511658124
610847,66701,2920476,pv,1511658125
201335,5093135,1320293,cart,1511658125
309365,5069542,4756105,pv,1511658125
613207,3571910,3669044,pv,1511658125
613201,2972905,4918438,pv,1511658125
633200,3104240,3607361,pv,1511658125
737124,379075,2640118,pv,1511658125
540397,2684625,3158249,pv,1511658125
165371,73905,4756105,pv,1511658125
159724,4813854,149192,pv,1511658125
285636,2981580,2355072,pv,1511658125
850458,1304341,4145813,pv,1511658125
603038,2004579,2609569,pv,1511658125
49495,1742930,4756105,pv,1511658126
753008,224906,4756105,pv,1511658126
122727,2688038,3002561,pv,1511658126
740785,3779167,1216617,pv,1511658126
1012247,27540,3361496,pv,1511658126
429606,959564,3797203,pv,1511658126
605297,1918208,873792,pv,1511658126
759006,4004043,941949,pv,1511658126
212230,61272,2355072,pv,1511658126
380155,1714926,4882154,pv,1511658126
672574,3391967,4690421,pv,1511658126
415117,1045255,3004853,pv,1511658126
730502,1439010,4558987,pv,1511658126
716231,2232129,1516409,pv,1511658126
311972,3232222,3937919,pv,1511658126
876230,2810281,2465336,pv,1511658126
42270,2535046,3607361,pv,1511658127
355545,75140,4476428,cart,1511658127
840443,393188,3607361,pv,1511658127
640601,810185,3303026,pv,1511658127
248874,607817,4690421,pv,1511658127
284708,2401060,1792277,pv,1511658127
766407,4944889,1029459,pv,1511658127
61917,3289795,4756105,pv,1511658127
714144,1422568,1567637,pv,1511658127
900676,2408611,3253357,pv,1511658127
4161,200757,2355072,pv,1511658127
